path,top_dir,biz_category,code_kind,language,effective_loc
RapidSpeech.cpp/examples/rs-asr-offline.cpp,RapidSpeech.cpp,Native/Engine,prod,C++,111
RapidSpeech.cpp/include/rapidspeech.h,RapidSpeech.cpp,Native/Engine,prod,C/C Header,68
RapidSpeech.cpp/python-api-examples/asr/asr-offline.py,RapidSpeech.cpp,Native/Engine,prod,Python,52
RapidSpeech.cpp/rapidspeech/python/pybind_rapidspeech.cpp,RapidSpeech.cpp,Native/Engine,prod,C++,258
RapidSpeech.cpp/rapidspeech/src/arch/ctc_decoder.h,RapidSpeech.cpp,Native/Engine,prod,C/C Header,117
RapidSpeech.cpp/rapidspeech/src/arch/ecapa_tdnn.cpp,RapidSpeech.cpp,Native/Engine,prod,C++,443
RapidSpeech.cpp/rapidspeech/src/arch/ecapa_tdnn.h,RapidSpeech.cpp,Native/Engine,prod,C/C Header,81
RapidSpeech.cpp/rapidspeech/src/arch/funasr-nano.cpp,RapidSpeech.cpp,Native/Engine,prod,C++,290
RapidSpeech.cpp/rapidspeech/src/arch/funasr-nano.h,RapidSpeech.cpp,Native/Engine,prod,C/C Header,79
RapidSpeech.cpp/rapidspeech/src/arch/sensevoice.cpp,RapidSpeech.cpp,Native/Engine,prod,C++,194
RapidSpeech.cpp/rapidspeech/src/arch/sensevoice.h,RapidSpeech.cpp,Native/Engine,prod,C/C Header,39
RapidSpeech.cpp/rapidspeech/src/arch/sensevoice_encoder.cpp,RapidSpeech.cpp,Native/Engine,prod,C++,315
RapidSpeech.cpp/rapidspeech/src/arch/sensevoice_encoder.h,RapidSpeech.cpp,Native/Engine,prod,C/C Header,76
RapidSpeech.cpp/rapidspeech/src/c_api/rapidspeech_c.cpp,RapidSpeech.cpp,Native/Engine,prod,C++,183
RapidSpeech.cpp/rapidspeech/src/core/rs_context.cpp,RapidSpeech.cpp,Native/Engine,prod,C++,190
RapidSpeech.cpp/rapidspeech/src/core/rs_context.h,RapidSpeech.cpp,Native/Engine,prod,C/C Header,33
RapidSpeech.cpp/rapidspeech/src/core/rs_model.h,RapidSpeech.cpp,Native/Engine,prod,C/C Header,28
RapidSpeech.cpp/rapidspeech/src/core/rs_processor.cpp,RapidSpeech.cpp,Native/Engine,prod,C++,195
RapidSpeech.cpp/rapidspeech/src/core/rs_processor.h,RapidSpeech.cpp,Native/Engine,prod,C/C Header,47
RapidSpeech.cpp/rapidspeech/src/frontend/audio_processor.cpp,RapidSpeech.cpp,Native/Engine,prod,C++,374
RapidSpeech.cpp/rapidspeech/src/frontend/audio_processor.h,RapidSpeech.cpp,Native/Engine,prod,C/C Header,65
RapidSpeech.cpp/rapidspeech/src/frontend/fftsg.c,RapidSpeech.cpp,Native/Engine,prod,C,2475
RapidSpeech.cpp/rapidspeech/src/utils/debug_utils.h,RapidSpeech.cpp,Native/Engine,prod,C/C Header,107
RapidSpeech.cpp/rapidspeech/src/utils/rs_log.cpp,RapidSpeech.cpp,Native/Engine,prod,C++,33
RapidSpeech.cpp/rapidspeech/src/utils/rs_log.h,RapidSpeech.cpp,Native/Engine,prod,C/C Header,15
RapidSpeech.cpp/rapidspeech/src/utils/rs_wav.cpp,RapidSpeech.cpp,Native/Engine,prod,C++,80
RapidSpeech.cpp/rapidspeech/src/utils/rs_wav.h,RapidSpeech.cpp,Native/Engine,prod,C/C Header,21
RapidSpeech.cpp/scripts/convert_ecapa_tdnn.py,RapidSpeech.cpp,Native/Engine,prod,Python,186
RapidSpeech.cpp/scripts/convert_hf_to_gguf.py,RapidSpeech.cpp,Native/Engine,prod,Python,169
RapidSpeech.cpp/server/rs_server.cpp,RapidSpeech.cpp,Native/Engine,prod,C++,516
RapidSpeech.cpp/setup.py,RapidSpeech.cpp,Native/Engine,prod,Python,201
RapidSpeech.cpp/test/test_audio_frontend.cpp,RapidSpeech.cpp,Native/Engine,test,C++,83
build_maclinux.sh,(root),Tools/Scripts,prod,Shell,278
build_win.bat,(root),Tools/Scripts,prod,Batch,186
cmd/maclaw-tool/main.go,cmd,Tools/Scripts,prod,Go,358
corelib/agent/background_loop_manager.go,corelib,Backend/Core,prod,Go,220
corelib/agent/doc.go,corelib,Backend/Core,prod,Go,1
corelib/agent/llm_helper.go,corelib,Backend/Core,prod,Go,157
corelib/agent/loop_context.go,corelib,Backend/Core,prod,Go,107
corelib/agent/types.go,corelib,Backend/Core,prod,Go,40
corelib/app_config.go,corelib,Backend/Core,prod,Go,125
corelib/bm25/bm25.go,corelib,Backend/Core,prod,Go,218
corelib/clawnet/auto_picker.go,corelib,Backend/Core,prod,Go,433
corelib/clawnet/client.go,corelib,Backend/Core,prod,Go,946
corelib/clawnet/doc.go,corelib,Backend/Core,prod,Go,1
corelib/clawnet/error_format.go,corelib,Backend/Core,prod,Go,132
corelib/clawnet/hide_window_other.go,corelib,Backend/Core,prod,Go,3
corelib/clawnet/hide_window_windows.go,corelib,Backend/Core,prod,Go,8
corelib/clawnet/installer.go,corelib,Backend/Core,prod,Go,148
corelib/clawnet/nutshell.go,corelib,Backend/Core,prod,Go,237
corelib/clawnet/process_alive_other.go,corelib,Backend/Core,prod,Go,12
corelib/clawnet/process_alive_windows.go,corelib,Backend/Core,prod,Go,16
corelib/config/doc.go,corelib,Backend/Core,prod,Go,1
corelib/config/manager.go,corelib,Backend/Core,prod,Go,826
corelib/config/store.go,corelib,Backend/Core,prod,Go,6
corelib/event_emitter.go,corelib,Backend/Core,prod,Go,50
corelib/kernel.go,corelib,Backend/Core,prod,Go,134
corelib/kernel_options.go,corelib,Backend/Core,prod,Go,15
corelib/logger.go,corelib,Backend/Core,prod,Go,32
corelib/mcp/doc.go,corelib,Backend/Core,prod,Go,1
corelib/memory/archiver.go,corelib,Backend/Core,prod,Go,81
corelib/memory/bm25.go,corelib,Backend/Core,prod,Go,37
corelib/memory/bm25_test.go,corelib,Backend/Core,test,Go,111
corelib/memory/compressor.go,corelib,Backend/Core,prod,Go,565
corelib/memory/store.go,corelib,Backend/Core,prod,Go,439
corelib/memory/types.go,corelib,Backend/Core,prod,Go,46
corelib/misc/context_bridge.go,corelib,Backend/Core,prod,Go,154
corelib/misc/doc.go,corelib,Backend/Core,prod,Go,1
corelib/misc/shared_context.go,corelib,Backend/Core,prod,Go,50
corelib/misc/task_orchestrator.go,corelib,Backend/Core,prod,Go,275
corelib/oauth/callback.go,corelib,Backend/Core,prod,Go,95
corelib/oauth/oauth.go,corelib,Backend/Core,prod,Go,237
corelib/oauth/oauth_test.go,corelib,Backend/Core,test,Go,282
corelib/oauth/token.go,corelib,Backend/Core,prod,Go,107
corelib/oauth/usage.go,corelib,Backend/Core,prod,Go,93
corelib/oauth/usage_test.go,corelib,Backend/Core,test,Go,57
corelib/platform.go,corelib,Backend/Core,prod,Go,49
corelib/qqbot/gateway.go,corelib,Backend/Core,prod,Go,540
corelib/remote/activation_types.go,corelib,Backend/Core,prod,Go,45
corelib/remote/admin_other.go,corelib,Backend/Core,prod,Go,15
corelib/remote/admin_windows.go,corelib,Backend/Core,prod,Go,40
corelib/remote/codex_types.go,corelib,Backend/Core,prod,Go,209
corelib/remote/defaults.go,corelib,Backend/Core,prod,Go,2
corelib/remote/diagnostics_types.go,corelib,Backend/Core,prod,Go,33
corelib/remote/doc.go,corelib,Backend/Core,prod,Go,1
corelib/remote/event_coalescer.go,corelib,Backend/Core,prod,Go,103
corelib/remote/event_extractor.go,corelib,Backend/Core,prod,Go,235
corelib/remote/event_types.go,corelib,Backend/Core,prod,Go,59
corelib/remote/execution_helpers.go,corelib,Backend/Core,prod,Go,97
corelib/remote/execution_helpers_other.go,corelib,Backend/Core,prod,Go,3
corelib/remote/execution_helpers_windows.go,corelib,Backend/Core,prod,Go,8
corelib/remote/image_helpers.go,corelib,Backend/Core,prod,Go,46
corelib/remote/machine_profile.go,corelib,Backend/Core,prod,Go,55
corelib/remote/mobile_launch_types.go,corelib,Backend/Core,prod,Go,64
corelib/remote/mode_hash.go,corelib,Backend/Core,prod,Go,19
corelib/remote/output_normalize.go,corelib,Backend/Core,prod,Go,60
corelib/remote/output_pipeline.go,corelib,Backend/Core,prod,Go,267
corelib/remote/platform_name.go,corelib,Backend/Core,prod,Go,5
corelib/remote/preview_buffer.go,corelib,Backend/Core,prod,Go,44
corelib/remote/provider_resolver.go,corelib,Backend/Core,prod,Go,122
corelib/remote/screenshot.go,corelib,Backend/Core,prod,Go,155
corelib/remote/screenshot_command.go,corelib,Backend/Core,prod,Go,72
corelib/remote/screenshot_command_unix.go,corelib,Backend/Core,prod,Go,145
corelib/remote/screenshot_command_windows.go,corelib,Backend/Core,prod,Go,317
corelib/remote/screenshot_native_other.go,corelib,Backend/Core,prod,Go,5
corelib/remote/screenshot_native_windows.go,corelib,Backend/Core,prod,Go,111
corelib/remote/sdk_types.go,corelib,Backend/Core,prod,Go,177
corelib/remote/session_completion_analyzer.go,corelib,Backend/Core,prod,Go,66
corelib/remote/session_io_relay.go,corelib,Backend/Core,prod,Go,63
corelib/remote/session_monitor.go,corelib,Backend/Core,prod,Go,169
corelib/remote/session_stall_detector.go,corelib,Backend/Core,prod,Go,199
corelib/remote/session_template.go,corelib,Backend/Core,prod,Go,129
corelib/remote/startup_responder.go,corelib,Backend/Core,prod,Go,189
corelib/remote/status_types.go,corelib,Backend/Core,prod,Go,82
corelib/remote/summary_reducer.go,corelib,Backend/Core,prod,Go,146
corelib/remote/tool_catalog.go,corelib,Backend/Core,prod,Go,104
corelib/remote/tool_resolver.go,corelib,Backend/Core,prod,Go,155
corelib/remote/types.go,corelib,Backend/Core,prod,Go,191
corelib/remote/workspace.go,corelib,Backend/Core,prod,Go,248
corelib/scheduler/calendar.go,corelib,Backend/Core,prod,Go,123
corelib/scheduler/doc.go,corelib,Backend/Core,prod,Go,1
corelib/scheduler/task.go,corelib,Backend/Core,prod,Go,577
corelib/security/audit_log.go,corelib,Backend/Core,prod,Go,262
corelib/security/firewall.go,corelib,Backend/Core,prod,Go,128
corelib/security/llm_review.go,corelib,Backend/Core,prod,Go,103
corelib/security/policy_engine.go,corelib,Backend/Core,prod,Go,164
corelib/security/risk_analyzer.go,corelib,Backend/Core,prod,Go,187
corelib/security/risk_assessor.go,corelib,Backend/Core,prod,Go,159
corelib/security/types.go,corelib,Backend/Core,prod,Go,87
corelib/session/doc.go,corelib,Backend/Core,prod,Go,1
corelib/skill/doc.go,corelib,Backend/Core,prod,Go,1
corelib/swarm/conflict.go,corelib,Backend/Core,prod,Go,72
corelib/swarm/doc.go,corelib,Backend/Core,prod,Go,1
corelib/swarm/notifier.go,corelib,Backend/Core,prod,Go,130
corelib/swarm/types.go,corelib,Backend/Core,prod,Go,235
corelib/swarm/worktree.go,corelib,Backend/Core,prod,Go,189
corelib/telegram/gateway.go,corelib,Backend/Core,prod,Go,341
corelib/textutil/markdown_strip.go,corelib,Backend/Core,prod,Go,52
corelib/tool/builder.go,corelib,Backend/Core,prod,Go,160
corelib/tool/craft.go,corelib,Backend/Core,prod,Go,196
corelib/tool/definition.go,corelib,Backend/Core,prod,Go,182
corelib/tool/doc.go,corelib,Backend/Core,prod,Go,1
corelib/tool/launch.go,corelib,Backend/Core,prod,Go,20
corelib/tool/non_code.go,corelib,Backend/Core,prod,Go,114
corelib/tool/registry.go,corelib,Backend/Core,prod,Go,128
corelib/tool/router.go,corelib,Backend/Core,prod,Go,205
corelib/tool/router_bm25_test.go,corelib,Backend/Core,test,Go,108
corelib/tool/selector.go,corelib,Backend/Core,prod,Go,154
corelib/tool/types.go,corelib,Backend/Core,prod,Go,40
corelib/types.go,corelib,Backend/Core,prod,Go,139
corelib/types_property_test.go,corelib,Backend/Core,test,Go,62
corelib/weixin/gateway.go,corelib,Backend/Core,prod,Go,1117
deploy_all.cmd,(root),Tools/Scripts,prod,Batch,285
deploy_all_tiger.cmd,(root),Tools/Scripts,prod,Batch,290
gui/agent_loop_context.go,gui,Backend/Core,prod,Go,146
gui/agent_loop_context_test.go,gui,Backend/Core,test,Go,159
gui/ai_assistant_property_test.go,gui,Backend/Core,test,Go,164
gui/android_pwa_shell.go,gui,Backend/Core,prod,Go,1417
gui/android_pwa_shell_test.go,gui,Backend/Core,test,Go,185
gui/app.go,gui,Backend/Core,prod,Go,4894
gui/app_clawnet.go,gui,Backend/Core,prod,Go,1132
gui/app_gossip.go,gui,Backend/Core,prod,Go,41
gui/app_maclaw_llm.go,gui,Backend/Core,prod,Go,513
gui/app_maclaw_llm_test.go,gui,Backend/Core,test,Go,83
gui/app_nl_mcp.go,gui,Backend/Core,prod,Go,519
gui/app_nl_skills.go,gui,Backend/Core,prod,Go,947
gui/app_swarm_bindings.go,gui,Backend/Core,prod,Go,83
gui/app_wails_bindings.go,gui,Backend/Core,prod,Go,470
gui/audit_log.go,gui,Backend/Core,prod,Go,262
gui/audit_log_test.go,gui,Backend/Core,test,Go,280
gui/auto_upload_trigger.go,gui,Backend/Core,prod,Go,92
gui/auto_upload_trigger_test.go,gui,Backend/Core,test,Go,70
gui/background_loop_manager.go,gui,Backend/Core,prod,Go,223
gui/background_loop_manager_test.go,gui,Backend/Core,test,Go,197
gui/capability_gap_detector.go,gui,Backend/Core,prod,Go,428
gui/capability_gap_detector_test.go,gui,Backend/Core,test,Go,100
gui/clawnet_auto_task_picker.go,gui,Backend/Core,prod,Go,447
gui/clawnet_client.go,gui,Backend/Core,prod,Go,917
gui/clawnet_client_test.go,gui,Backend/Core,test,Go,69
gui/clawnet_installer.go,gui,Backend/Core,prod,Go,154
gui/common.go,gui,Backend/Core,prod,Go,29
gui/config_manager.go,gui,Backend/Core,prod,Go,725
gui/context_bridge.go,gui,Backend/Core,prod,Go,160
gui/context_bridge_test.go,gui,Backend/Core,test,Go,123
gui/conversation_archiver.go,gui,Backend/Core,prod,Go,90
gui/corelib_aliases.go,gui,Backend/Core,prod,Go,168
gui/env_check_api.go,gui,Backend/Core,prod,Go,57
gui/experience_extractor.go,gui,Backend/Core,prod,Go,254
gui/frontend/index.html,gui,Frontend,prod,HTML,13
gui/frontend/src/App.css,gui,Frontend,prod,CSS,1002
gui/frontend/src/App.tsx,gui,Frontend,prod,TypeScript/TSX,6537
gui/frontend/src/components/CustomDialog.tsx,gui,Frontend,prod,TypeScript/TSX,89
gui/frontend/src/components/ai/AIAssistantPanel.tsx,gui,Frontend,prod,TypeScript/TSX,667
gui/frontend/src/components/ai/__tests__/AIAssistantPanel.test.tsx,gui,Frontend,test,TypeScript/TSX,82
gui/frontend/src/components/ai/__tests__/i18nLabel.test.tsx,gui,Frontend,test,TypeScript/TSX,35
gui/frontend/src/components/ai/__tests__/useAIAssistant.test.ts,gui,Frontend,test,TypeScript,137
gui/frontend/src/components/ai/useAIAssistant.ts,gui,Frontend,prod,TypeScript,180
gui/frontend/src/components/gossip/GossipPanel.tsx,gui,Frontend,prod,TypeScript/TSX,397
gui/frontend/src/components/remote/ClawNetChatPanel.tsx,gui,Frontend,prod,TypeScript/TSX,243
gui/frontend/src/components/remote/ClawNetKnowledgePanel.tsx,gui,Frontend,prod,TypeScript/TSX,165
gui/frontend/src/components/remote/ClawNetNutshellPanel.tsx,gui,Frontend,prod,TypeScript/TSX,257
gui/frontend/src/components/remote/ClawNetPanel.tsx,gui,Frontend,prod,TypeScript/TSX,834
gui/frontend/src/components/remote/ClawNetPredictionPanel.tsx,gui,Frontend,prod,TypeScript/TSX,233
gui/frontend/src/components/remote/ClawNetResumePanel.tsx,gui,Frontend,prod,TypeScript/TSX,172
gui/frontend/src/components/remote/ClawNetSwarmPanel.tsx,gui,Frontend,prod,TypeScript/TSX,166
gui/frontend/src/components/remote/ClawNetTabContainer.tsx,gui,Frontend,prod,TypeScript/TSX,102
gui/frontend/src/components/remote/ClawNetTaskBoard.tsx,gui,Frontend,prod,TypeScript/TSX,372
gui/frontend/src/components/remote/LLMConfigPanel.tsx,gui,Frontend,prod,TypeScript/TSX,859
gui/frontend/src/components/remote/MCPManagementPanel.tsx,gui,Frontend,prod,TypeScript/TSX,888
gui/frontend/src/components/remote/MaclawRolePanel.tsx,gui,Frontend,prod,TypeScript/TSX,110
gui/frontend/src/components/remote/MemoryManagementPanel.tsx,gui,Frontend,prod,TypeScript/TSX,492
gui/frontend/src/components/remote/OnboardingWizard.tsx,gui,Frontend,prod,TypeScript/TSX,624
gui/frontend/src/components/remote/RemoteDiagnosticsPanel.tsx,gui,Frontend,prod,TypeScript/TSX,128
gui/frontend/src/components/remote/RemoteRoutingCard.tsx,gui,Frontend,prod,TypeScript/TSX,167
gui/frontend/src/components/remote/RemoteSessionCard.tsx,gui,Frontend,prod,TypeScript/TSX,399
gui/frontend/src/components/remote/RemoteSessionConsole.tsx,gui,Frontend,prod,TypeScript/TSX,808
gui/frontend/src/components/remote/RemoteSessionList.tsx,gui,Frontend,prod,TypeScript/TSX,591
gui/frontend/src/components/remote/RemoteSettingsPanel.tsx,gui,Frontend,prod,TypeScript/TSX,399
gui/frontend/src/components/remote/RemoteSmokeSummaryCard.tsx,gui,Frontend,prod,TypeScript/TSX,52
gui/frontend/src/components/remote/RemoteStatusCards.tsx,gui,Frontend,prod,TypeScript/TSX,23
gui/frontend/src/components/remote/RemoteToolDiagnosticsCard.tsx,gui,Frontend,prod,TypeScript/TSX,97
gui/frontend/src/components/remote/ScheduledTasksPanel.tsx,gui,Frontend,prod,TypeScript/TSX,314
gui/frontend/src/components/remote/SecurityPolicyPanel.tsx,gui,Frontend,prod,TypeScript/TSX,99
gui/frontend/src/components/remote/SkillsManagementPanel.tsx,gui,Frontend,prod,TypeScript/TSX,1087
gui/frontend/src/components/remote/UsageDisplay.tsx,gui,Frontend,prod,TypeScript/TSX,80
gui/frontend/src/components/remote/clawnetStyles.ts,gui,Frontend,prod,TypeScript,61
gui/frontend/src/components/remote/helpers.ts,gui,Frontend,prod,TypeScript,230
gui/frontend/src/components/remote/providerLogos.tsx,gui,Frontend,prod,TypeScript/TSX,25
gui/frontend/src/components/remote/styles.ts,gui,Frontend,prod,TypeScript,138
gui/frontend/src/components/remote/types.ts,gui,Frontend,prod,TypeScript,170
gui/frontend/src/components/remote/useRemotePanel.ts,gui,Frontend,prod,TypeScript,653
gui/frontend/src/main.tsx,gui,Frontend,prod,TypeScript/TSX,14
gui/frontend/src/style.css,gui,Frontend,prod,CSS,39
gui/frontend/src/version.ts,gui,Frontend,prod,TypeScript,2
gui/frontend/vite.config.ts,gui,Frontend,prod,TypeScript,5
gui/frontend/vitest.config.ts,gui,Frontend,prod,TypeScript,10
gui/frontend/vitest.setup.ts,gui,Frontend,prod,TypeScript,1
gui/gossip_auto_publish.go,gui,Backend/Core,prod,Go,184
gui/gossip_client.go,gui,Backend/Core,prod,Go,283
gui/hub_http_client.go,gui,Backend/Core,prod,Go,12
gui/im_message_handler.go,gui,Backend/Core,prod,Go,3961
gui/im_message_handler_bgloop_test.go,gui,Backend/Core,test,Go,222
gui/im_message_handler_busy_session_test.go,gui,Backend/Core,test,Go,336
gui/im_message_handler_coding_workflow_test.go,gui,Backend/Core,test,Go,248
gui/im_message_handler_tools_test.go,gui,Backend/Core,test,Go,865
gui/internal/systray/example/main.go,gui,Backend/Core,prod,Go,139
gui/internal/systray/icon/iconunix.go,gui,Backend/Core,prod,Go,190
gui/internal/systray/icon/iconwin.go,gui,Backend/Core,prod,Go,361
gui/internal/systray/internal/DbusMenu.xml,gui,Backend/Core,prod,XML,57
gui/internal/systray/internal/StatusNotifierItem.xml,gui,Backend/Core,prod,XML,56
gui/internal/systray/systray.go,gui,Backend/Core,prod,Go,188
gui/internal/systray/systray.h,gui,Backend/Core,prod,C/C Header,24
gui/internal/systray/systray_darwin.go,gui,Backend/Core,prod,Go,236
gui/internal/systray/systray_darwin.m,gui,Backend/Core,prod,Objective-C,360
gui/internal/systray/systray_menu_unix.go,gui,Backend/Core,prod,Go,261
gui/internal/systray/systray_other.go,gui,Backend/Core,prod,Go,5
gui/internal/systray/systray_unix.go,gui,Backend/Core,prod,Go,394
gui/internal/systray/systray_windows.go,gui,Backend/Core,prod,Go,948
gui/llm_request_helper.go,gui,Backend/Core,prod,Go,148
gui/llm_security_review.go,gui,Backend/Core,prod,Go,119
gui/llm_security_review_test.go,gui,Backend/Core,test,Go,221
gui/llm_stream.go,gui,Backend/Core,prod,Go,708
gui/local_mcp_client.go,gui,Backend/Core,prod,Go,273
gui/local_mcp_manager.go,gui,Backend/Core,prod,Go,136
gui/mac_compat_darwin.go,gui,Backend/Core,prod,Go,25
gui/mac_compat_other.go,gui,Backend/Core,prod,Go,3
gui/main.go,gui,Backend/Core,prod,Go,117
gui/mcp_auto_discovery.go,gui,Backend/Core,prod,Go,186
gui/mcp_auto_discovery_test.go,gui,Backend/Core,test,Go,91
gui/mdns_scanner.go,gui,Backend/Core,prod,Go,305
gui/mdns_scanner_test.go,gui,Backend/Core,test,Go,147
gui/memory_compressor.go,gui,Backend/Core,prod,Go,582
gui/memory_store.go,gui,Backend/Core,prod,Go,583
gui/orchestrator.go,gui,Backend/Core,prod,Go,201
gui/platform_darwin.go,gui,Backend/Core,prod,Go,494
gui/platform_linux.go,gui,Backend/Core,prod,Go,521
gui/platform_windows.go,gui,Backend/Core,prod,Go,1600
gui/policy_engine.go,gui,Backend/Core,prod,Go,231
gui/policy_engine_test.go,gui,Backend/Core,test,Go,191
gui/project_scanner.go,gui,Backend/Core,prod,Go,59
gui/project_scanner_test.go,gui,Backend/Core,test,Go,139
gui/provider_resolver.go,gui,Backend/Core,prod,Go,115
gui/provider_resolver_test.go,gui,Backend/Core,test,Go,258
gui/qqbot_gateway.go,gui,Backend/Core,prod,Go,383
gui/remote_activation.go,gui,Backend/Core,prod,Go,376
gui/remote_activation_test.go,gui,Backend/Core,test,Go,551
gui/remote_admin_other.go,gui,Backend/Core,prod,Go,15
gui/remote_admin_windows.go,gui,Backend/Core,prod,Go,40
gui/remote_claude_onboarding.go,gui,Backend/Core,prod,Go,38
gui/remote_claude_onboarding_test.go,gui,Backend/Core,test,Go,161
gui/remote_codex_types.go,gui,Backend/Core,prod,Go,162
gui/remote_codex_types_test.go,gui,Backend/Core,test,Go,176
gui/remote_defaults.go,gui,Backend/Core,prod,Go,2
gui/remote_diagnostics.go,gui,Backend/Core,prod,Go,234
gui/remote_diagnostics_test.go,gui,Backend/Core,test,Go,385
gui/remote_event_coalescer.go,gui,Backend/Core,prod,Go,103
gui/remote_event_coalescer_test.go,gui,Backend/Core,test,Go,118
gui/remote_event_extractor.go,gui,Backend/Core,prod,Go,248
gui/remote_event_extractor_test.go,gui,Backend/Core,test,Go,61
gui/remote_event_types.go,gui,Backend/Core,prod,Go,59
gui/remote_execution_codex.go,gui,Backend/Core,prod,Go,218
gui/remote_execution_helpers.go,gui,Backend/Core,prod,Go,122
gui/remote_execution_iflow.go,gui,Backend/Core,prod,Go,233
gui/remote_execution_kilo_stub.go,gui,Backend/Core,prod,Go,9
gui/remote_execution_local_pty.go,gui,Backend/Core,prod,Go,71
gui/remote_execution_opencode_stub.go,gui,Backend/Core,prod,Go,9
gui/remote_execution_sdk.go,gui,Backend/Core,prod,Go,417
gui/remote_execution_sdk_other.go,gui,Backend/Core,prod,Go,3
gui/remote_execution_sdk_test.go,gui,Backend/Core,test,Go,124
gui/remote_execution_sdk_windows.go,gui,Backend/Core,prod,Go,8
gui/remote_execution_strategy.go,gui,Backend/Core,prod,Go,13
gui/remote_hub_client.go,gui,Backend/Core,prod,Go,1202
gui/remote_hub_client_test.go,gui,Backend/Core,test,Go,433
gui/remote_image_helpers.go,gui,Backend/Core,prod,Go,46
gui/remote_machine_profile.go,gui,Backend/Core,prod,Go,46
gui/remote_mobile_launch.go,gui,Backend/Core,prod,Go,195
gui/remote_mobile_launch_bugfix_test.go,gui,Backend/Core,test,Go,89
gui/remote_mobile_launch_preservation_test.go,gui,Backend/Core,test,Go,216
gui/remote_mobile_launch_test.go,gui,Backend/Core,test,Go,116
gui/remote_mode_hash.go,gui,Backend/Core,prod,Go,19
gui/remote_mode_hash_test.go,gui,Backend/Core,test,Go,51
gui/remote_output_pipeline.go,gui,Backend/Core,prod,Go,324
gui/remote_permission.go,gui,Backend/Core,prod,Go,281
gui/remote_permission_test.go,gui,Backend/Core,test,Go,250
gui/remote_platform_name.go,gui,Backend/Core,prod,Go,5
gui/remote_platform_other.go,gui,Backend/Core,prod,Go,11
gui/remote_platform_windows.go,gui,Backend/Core,prod,Go,76
gui/remote_preview_buffer.go,gui,Backend/Core,prod,Go,47
gui/remote_pty_interactive_test.go,gui,Backend/Core,test,Go,462
gui/remote_pty_windows.go,gui,Backend/Core,prod,Go,219
gui/remote_pty_windows_test.go,gui,Backend/Core,test,Go,148
gui/remote_screenshot.go,gui,Backend/Core,prod,Go,876
gui/remote_screenshot_test.go,gui,Backend/Core,test,Go,485
gui/remote_sdk_types.go,gui,Backend/Core,prod,Go,187
gui/remote_sdk_types_test.go,gui,Backend/Core,test,Go,381
gui/remote_session_manager.go,gui,Backend/Core,prod,Go,1271
gui/remote_session_manager_image_test.go,gui,Backend/Core,test,Go,612
gui/remote_session_manager_test.go,gui,Backend/Core,test,Go,816
gui/remote_smoke.go,gui,Backend/Core,prod,Go,472
gui/remote_smoke_test.go,gui,Backend/Core,test,Go,26
gui/remote_startup_responder.go,gui,Backend/Core,prod,Go,177
gui/remote_startup_responder_test.go,gui,Backend/Core,test,Go,133
gui/remote_status.go,gui,Backend/Core,prod,Go,521
gui/remote_status_test.go,gui,Backend/Core,test,Go,812
gui/remote_summary_reducer.go,gui,Backend/Core,prod,Go,154
gui/remote_summary_reducer_test.go,gui,Backend/Core,test,Go,57
gui/remote_tool_adapter.go,gui,Backend/Core,prod,Go,6
gui/remote_tool_catalog.go,gui,Backend/Core,prod,Go,318
gui/remote_tool_catalog_test.go,gui,Backend/Core,test,Go,77
gui/remote_tool_claude.go,gui,Backend/Core,prod,Go,139
gui/remote_tool_claude_test.go,gui,Backend/Core,test,Go,53
gui/remote_tool_codebuddy.go,gui,Backend/Core,prod,Go,43
gui/remote_tool_codex.go,gui,Backend/Core,prod,Go,61
gui/remote_tool_iflow.go,gui,Backend/Core,prod,Go,61
gui/remote_tool_kilo.go,gui,Backend/Core,prod,Go,104
gui/remote_tool_opencode.go,gui,Backend/Core,prod,Go,51
gui/remote_types.go,gui,Backend/Core,prod,Go,196
gui/remote_workspace.go,gui,Backend/Core,prod,Go,271
gui/remote_workspace_test.go,gui,Backend/Core,test,Go,128
gui/resources_darwin.go,gui,Backend/Core,prod,Go,3
gui/resources_linux.go,gui,Backend/Core,prod,Go,3
gui/resources_windows.go,gui,Backend/Core,prod,Go,3
gui/risk_assessor.go,gui,Backend/Core,prod,Go,153
gui/risk_assessor_test.go,gui,Backend/Core,test,Go,140
gui/scheduled_task.go,gui,Backend/Core,prod,Go,513
gui/scheduled_task_calendar.go,gui,Backend/Core,prod,Go,123
gui/screen_dim.go,gui,Backend/Core,prod,Go,52
gui/screen_dim_darwin.go,gui,Backend/Core,prod,Go,35
gui/screen_dim_linux.go,gui,Backend/Core,prod,Go,1
gui/screen_dim_windows.go,gui,Backend/Core,prod,Go,46
gui/screen_permission_darwin.go,gui,Backend/Core,prod,Go,77
gui/screen_permission_other.go,gui,Backend/Core,prod,Go,8
gui/screenshot_native_other.go,gui,Backend/Core,prod,Go,5
gui/screenshot_native_windows.go,gui,Backend/Core,prod,Go,111
gui/security_firewall.go,gui,Backend/Core,prod,Go,130
gui/security_risk_analyzer.go,gui,Backend/Core,prod,Go,204
gui/security_risk_analyzer_test.go,gui,Backend/Core,test,Go,141
gui/session_checkpoint.go,gui,Backend/Core,prod,Go,151
gui/session_checkpoint_test.go,gui,Backend/Core,test,Go,263
gui/session_completion_analyzer.go,gui,Backend/Core,prod,Go,74
gui/session_context_resolver.go,gui,Backend/Core,prod,Go,85
gui/session_io_relay.go,gui,Backend/Core,prod,Go,65
gui/session_io_relay_test.go,gui,Backend/Core,test,Go,158
gui/session_monitor.go,gui,Backend/Core,prod,Go,170
gui/session_monitor_test.go,gui,Backend/Core,test,Go,180
gui/session_precheck.go,gui,Backend/Core,prod,Go,120
gui/session_stall_detector.go,gui,Backend/Core,prod,Go,200
gui/session_startup_feedback.go,gui,Backend/Core,prod,Go,62
gui/session_template.go,gui,Backend/Core,prod,Go,132
gui/session_template_test.go,gui,Backend/Core,test,Go,107
gui/shared_context.go,gui,Backend/Core,prod,Go,52
gui/skill_agent_compat.go,gui,Backend/Core,prod,Go,193
gui/skill_backup.go,gui,Backend/Core,prod,Go,281
gui/skill_evaluator.go,gui,Backend/Core,prod,Go,31
gui/skill_evaluator_test.go,gui,Backend/Core,test,Go,55
gui/skill_runner.go,gui,Backend/Core,prod,Go,510
gui/skill_searcher.go,gui,Backend/Core,prod,Go,90
gui/skill_security_policy.go,gui,Backend/Core,prod,Go,65
gui/skillhub_client.go,gui,Backend/Core,prod,Go,434
gui/skillmarket_client.go,gui,Backend/Core,prod,Go,259
gui/swarm_agent_scheduler.go,gui,Backend/Core,prod,Go,422
gui/swarm_agent_scheduler_test.go,gui,Backend/Core,test,Go,160
gui/swarm_conflict.go,gui,Backend/Core,prod,Go,74
gui/swarm_conflict_test.go,gui,Backend/Core,test,Go,147
gui/swarm_doc_generator.go,gui,Backend/Core,prod,Go,291
gui/swarm_doc_generator_test.go,gui,Backend/Core,test,Go,307
gui/swarm_llm.go,gui,Backend/Core,prod,Go,21
gui/swarm_merge.go,gui,Backend/Core,prod,Go,84
gui/swarm_merge_test.go,gui,Backend/Core,test,Go,57
gui/swarm_notifier.go,gui,Backend/Core,prod,Go,179
gui/swarm_notifier_test.go,gui,Backend/Core,test,Go,367
gui/swarm_orchestrator.go,gui,Backend/Core,prod,Go,321
gui/swarm_orchestrator_test.go,gui,Backend/Core,test,Go,93
gui/swarm_pipeline.go,gui,Backend/Core,prod,Go,236
gui/swarm_pipeline_greenfield.go,gui,Backend/Core,prod,Go,450
gui/swarm_prompts.go,gui,Backend/Core,prod,Go,194
gui/swarm_prompts_test.go,gui,Backend/Core,test,Go,89
gui/swarm_reporter.go,gui,Backend/Core,prod,Go,160
gui/swarm_reporter_test.go,gui,Backend/Core,test,Go,232
gui/swarm_spec_pipeline_test.go,gui,Backend/Core,test,Go,167
gui/swarm_task_verifier_test.go,gui,Backend/Core,test,Go,107
gui/swarm_tdd_test.go,gui,Backend/Core,test,Go,346
gui/swarm_types_test.go,gui,Backend/Core,test,Go,18
gui/swarm_worktree.go,gui,Backend/Core,prod,Go,181
gui/swarm_worktree_test.go,gui,Backend/Core,test,Go,276
gui/tag_generator.go,gui,Backend/Core,prod,Go,152
gui/tag_generator_test.go,gui,Backend/Core,test,Go,160
gui/task_orchestrator.go,gui,Backend/Core,prod,Go,281
gui/task_orchestrator_test.go,gui,Backend/Core,test,Go,100
gui/telegram_gateway.go,gui,Backend/Core,prod,Go,402
gui/tool_builder.go,gui,Backend/Core,prod,Go,58
gui/tool_builder_test.go,gui,Backend/Core,test,Go,118
gui/tool_craft.go,gui,Backend/Core,prod,Go,323
gui/tool_craft_test.go,gui,Backend/Core,test,Go,160
gui/tool_definition_generator.go,gui,Backend/Core,prod,Go,161
gui/tool_definition_generator_test.go,gui,Backend/Core,test,Go,231
gui/tool_manager.go,gui,Backend/Core,prod,Go,627
gui/tool_onboarding.go,gui,Backend/Core,prod,Go,154
gui/tool_onboarding_test.go,gui,Backend/Core,test,Go,540
gui/tool_registry.go,gui,Backend/Core,prod,Go,142
gui/tool_registry_builtin.go,gui,Backend/Core,prod,Go,397
gui/tool_registry_test.go,gui,Backend/Core,test,Go,120
gui/tool_router.go,gui,Backend/Core,prod,Go,93
gui/tool_router_test.go,gui,Backend/Core,test,Go,192
gui/tool_selector.go,gui,Backend/Core,prod,Go,14
gui/tool_selector_test.go,gui,Backend/Core,test,Go,53
gui/tools_non_code.go,gui,Backend/Core,prod,Go,271
gui/tools_non_code_test.go,gui,Backend/Core,test,Go,37
gui/tray_darwin.go,gui,Backend/Core,prod,Go,105
gui/tray_linux.go,gui,Backend/Core,prod,Go,55
gui/tray_tahoe_darwin.go,gui,Backend/Core,prod,Go,52
gui/tray_tahoe_darwin.h,gui,Backend/Core,prod,C/C Header,10
gui/tray_tahoe_darwin.m,gui,Backend/Core,prod,Objective-C,105
gui/tray_windows.go,gui,Backend/Core,prod,Go,88
gui/weixin_gateway.go,gui,Backend/Core,prod,Go,722
hub/build.cmd,hub,Tools/Scripts,prod,Batch,21
hub/cmd/feishu_test_enroll/main.go,hub,Backend/Core,prod,Go,163
hub/cmd/hub/main.go,hub,Backend/Core,prod,Go,122
hub/configs/config.example.yaml,hub,Backend/Core,prod,YAML,40
hub/configs/config.yaml,hub,Backend/Core,prod,YAML,40
hub/internal/app/app.go,hub,Backend/Core,prod,Go,42
hub/internal/app/bootstrap.go,hub,Backend/Core,prod,Go,307
hub/internal/app/tls.go,hub,Backend/Core,prod,Go,116
hub/internal/auth/admin_service.go,hub,Backend/Core,prod,Go,379
hub/internal/auth/admin_service_test.go,hub,Backend/Core,test,Go,128
hub/internal/auth/auth_test_helpers_test.go,hub,Backend/Core,test,Go,36
hub/internal/auth/identity_service.go,hub,Backend/Core,prod,Go,880
hub/internal/auth/identity_service_test.go,hub,Backend/Core,test,Go,134
hub/internal/center/service.go,hub,Backend/Core,prod,Go,702
hub/internal/center/service_test.go,hub,Backend/Core,test,Go,388
hub/internal/chat/channel_service.go,hub,Backend/Core,prod,Go,55
hub/internal/chat/file_service.go,hub,Backend/Core,prod,Go,64
hub/internal/chat/message_service.go,hub,Backend/Core,prod,Go,55
hub/internal/chat/notifier.go,hub,Backend/Core,prod,Go,121
hub/internal/chat/presence.go,hub,Backend/Core,prod,Go,17
hub/internal/chat/push/apns.go,hub,Backend/Core,prod,Go,7
hub/internal/chat/push/dispatcher.go,hub,Backend/Core,prod,Go,44
hub/internal/chat/push/fcm.go,hub,Backend/Core,prod,Go,7
hub/internal/chat/push/hms.go,hub,Backend/Core,prod,Go,7
hub/internal/chat/read_receipt.go,hub,Backend/Core,prod,Go,15
hub/internal/chat/store.go,hub,Backend/Core,prod,Go,329
hub/internal/chat/types.go,hub,Backend/Core,prod,Go,115
hub/internal/chat/voice_signaling.go,hub,Backend/Core,prod,Go,45
hub/internal/config/config.go,hub,Backend/Core,prod,Go,107
hub/internal/config/loader.go,hub,Backend/Core,prod,Go,62
hub/internal/device/runtime.go,hub,Backend/Core,prod,Go,726
hub/internal/entry/service.go,hub,Backend/Core,prod,Go,127
hub/internal/entry/service_preservation_test.go,hub,Backend/Core,test,Go,194
hub/internal/entry/service_test.go,hub,Backend/Core,test,Go,46
hub/internal/feishu/auto_enroll.go,hub,Backend/Core,prod,Go,341
hub/internal/feishu/auto_enroll_test.go,hub,Backend/Core,test,Go,152
hub/internal/feishu/device_adapter.go,hub,Backend/Core,prod,Go,33
hub/internal/feishu/image_convert.go,hub,Backend/Core,prod,Go,19
hub/internal/feishu/notifier.go,hub,Backend/Core,prod,Go,1041
hub/internal/feishu/notifier_test.go,hub,Backend/Core,test,Go,147
hub/internal/feishu/plugin.go,hub,Backend/Core,prod,Go,455
hub/internal/feishu/webhook.go,hub,Backend/Core,prod,Go,1000
hub/internal/httpapi/admin_login_handler.go,hub,Backend/Core,prod,Go,109
hub/internal/httpapi/admin_middleware.go,hub,Backend/Core,prod,Go,31
hub/internal/httpapi/admin_middleware_test.go,hub,Backend/Core,test,Go,137
hub/internal/httpapi/admin_setup_handler.go,hub,Backend/Core,prod,Go,53
hub/internal/httpapi/bind_handler.go,hub,Backend/Core,prod,Go,269
hub/internal/httpapi/bridge_handlers.go,hub,Backend/Core,prod,Go,333
hub/internal/httpapi/chat_handlers.go,hub,Backend/Core,prod,Go,374
hub/internal/httpapi/chat_ws_handler.go,hub,Backend/Core,prod,Go,88
hub/internal/httpapi/clawnet_key_handler.go,hub,Backend/Core,prod,Go,169
hub/internal/httpapi/clawnet_task_board_handler.go,hub,Backend/Core,prod,Go,123
hub/internal/httpapi/debug_handler.go,hub,Backend/Core,prod,Go,299
hub/internal/httpapi/debug_handler_test.go,hub,Backend/Core,test,Go,76
hub/internal/httpapi/enroll_handler.go,hub,Backend/Core,prod,Go,227
hub/internal/httpapi/enroll_handler_preservation_test.go,hub,Backend/Core,test,Go,226
hub/internal/httpapi/enroll_handler_test.go,hub,Backend/Core,test,Go,87
hub/internal/httpapi/enrollment_handler.go,hub,Backend/Core,prod,Go,187
hub/internal/httpapi/entry_handlers.go,hub,Backend/Core,prod,Go,24
hub/internal/httpapi/entry_handlers_test.go,hub,Backend/Core,test,Go,60
hub/internal/httpapi/feishu_handlers.go,hub,Backend/Core,prod,Go,180
hub/internal/httpapi/feishu_handlers_test.go,hub,Backend/Core,test,Go,115
hub/internal/httpapi/health_handler.go,hub,Backend/Core,prod,Go,10
hub/internal/httpapi/health_handler_test.go,hub,Backend/Core,test,Go,17
hub/internal/httpapi/hub_llm_handlers.go,hub,Backend/Core,prod,Go,136
hub/internal/httpapi/invitation_handler.go,hub,Backend/Core,prod,Go,335
hub/internal/httpapi/mail_handlers.go,hub,Backend/Core,prod,Go,77
hub/internal/httpapi/mail_handlers_test.go,hub,Backend/Core,test,Go,114
hub/internal/httpapi/management_handlers.go,hub,Backend/Core,prod,Go,300
hub/internal/httpapi/management_handlers_test.go,hub,Backend/Core,test,Go,193
hub/internal/httpapi/openclaw_im_handlers.go,hub,Backend/Core,prod,Go,181
hub/internal/httpapi/openclaw_im_handlers_test.go,hub,Backend/Core,test,Go,140
hub/internal/httpapi/qqbot_handlers.go,hub,Backend/Core,prod,Go,115
hub/internal/httpapi/respond.go,hub,Backend/Core,prod,Go,17
hub/internal/httpapi/router.go,hub,Backend/Core,prod,Go,256
hub/internal/httpapi/shortcuts_handler.go,hub,Backend/Core,prod,Go,91
hub/internal/httpapi/static.go,hub,Backend/Core,prod,Go,136
hub/internal/httpapi/static_test.go,hub,Backend/Core,test,Go,84
hub/internal/httpapi/tls_handler.go,hub,Backend/Core,prod,Go,152
hub/internal/httpapi/user_handlers.go,hub,Backend/Core,prod,Go,277
hub/internal/httpapi/user_handlers_test.go,hub,Backend/Core,test,Go,285
hub/internal/httpapi/webhook_session_handlers.go,hub,Backend/Core,prod,Go,87
hub/internal/im/adapter.go,hub,Backend/Core,prod,Go,71
hub/internal/im/agent_types.go,hub,Backend/Core,prod,Go,48
hub/internal/im/broadcast_formatter.go,hub,Backend/Core,prod,Go,67
hub/internal/im/broadcast_formatter_test.go,hub,Backend/Core,test,Go,69
hub/internal/im/circuit_breaker.go,hub,Backend/Core,prod,Go,57
hub/internal/im/circuit_breaker_test.go,hub,Backend/Core,test,Go,87
hub/internal/im/conversation_context.go,hub,Backend/Core,prod,Go,174
hub/internal/im/coordinator.go,hub,Backend/Core,prod,Go,564
hub/internal/im/coordinator_test.go,hub,Backend/Core,test,Go,241
hub/internal/im/core.go,hub,Backend/Core,prod,Go,641
hub/internal/im/core_test.go,hub,Backend/Core,test,Go,316
hub/internal/im/device_finder.go,hub,Backend/Core,prod,Go,106
hub/internal/im/device_notifier.go,hub,Backend/Core,prod,Go,140
hub/internal/im/device_notifier_test.go,hub,Backend/Core,test,Go,272
hub/internal/im/device_profile.go,hub,Backend/Core,prod,Go,55
hub/internal/im/device_profile_test.go,hub,Backend/Core,test,Go,113
hub/internal/im/discussion.go,hub,Backend/Core,prod,Go,297
hub/internal/im/discussion_conductor.go,hub,Backend/Core,prod,Go,387
hub/internal/im/discussion_conductor_test.go,hub,Backend/Core,test,Go,159
hub/internal/im/discussion_formatter.go,hub,Backend/Core,prod,Go,42
hub/internal/im/discussion_history.go,hub,Backend/Core,prod,Go,91
hub/internal/im/discussion_history_test.go,hub,Backend/Core,test,Go,109
hub/internal/im/help.go,hub,Backend/Core,prod,Go,42
hub/internal/im/hub_llm_config.go,hub,Backend/Core,prod,Go,30
hub/internal/im/identity_adapter.go,hub,Backend/Core,prod,Go,18
hub/internal/im/intent_classifier.go,hub,Backend/Core,prod,Go,244
hub/internal/im/intent_classifier_test.go,hub,Backend/Core,test,Go,260
hub/internal/im/markdown_strip.go,hub,Backend/Core,prod,Go,5
hub/internal/im/markdown_strip_test.go,hub,Backend/Core,test,Go,93
hub/internal/im/mention_parser.go,hub,Backend/Core,prod,Go,18
hub/internal/im/notify.go,hub,Backend/Core,prod,Go,266
hub/internal/im/remote_gateway_plugin.go,hub,Backend/Core,prod,Go,457
hub/internal/im/reply_merger.go,hub,Backend/Core,prod,Go,108
hub/internal/im/reply_merger_test.go,hub,Backend/Core,test,Go,100
hub/internal/im/response.go,hub,Backend/Core,prod,Go,81
hub/internal/im/router.go,hub,Backend/Core,prod,Go,655
hub/internal/im/router_progress_test.go,hub,Backend/Core,test,Go,323
hub/internal/im/rule_engine.go,hub,Backend/Core,prod,Go,88
hub/internal/im/rule_engine_test.go,hub,Backend/Core,test,Go,109
hub/internal/im/smart_route_checker.go,hub,Backend/Core,prod,Go,51
hub/internal/im/space_state.go,hub,Backend/Core,prod,Go,136
hub/internal/im/webhook_plugin.go,hub,Backend/Core,prod,Go,173
hub/internal/im/ws_responder.go,hub,Backend/Core,prod,Go,27
hub/internal/invitation/service.go,hub,Backend/Core,prod,Go,229
hub/internal/invitation/service_test.go,hub,Backend/Core,test,Go,358
hub/internal/mail/mailer.go,hub,Backend/Core,prod,Go,304
hub/internal/qqbot/plugin.go,hub,Backend/Core,prod,Go,1115
hub/internal/session/service.go,hub,Backend/Core,prod,Go,514
hub/internal/session/service_test.go,hub,Backend/Core,test,Go,231
hub/internal/session/sharded_cache.go,hub,Backend/Core,prod,Go,90
hub/internal/store/sqlite/batcher.go,hub,Backend/Core,prod,Go,190
hub/internal/store/sqlite/migrations.go,hub,Backend/Core,prod,Go,184
hub/internal/store/sqlite/provider.go,hub,Backend/Core,prod,Go,106
hub/internal/store/sqlite/repositories_stub.go,hub,Backend/Core,prod,Go,1408
hub/internal/store/sqlite/repositories_test.go,hub,Backend/Core,test,Go,233
hub/internal/store/store.go,hub,Backend/Core,prod,Go,252
hub/internal/ws/envelope.go,hub,Backend/Core,prod,Go,10
hub/internal/ws/gateway_test.go,hub,Backend/Core,test,Go,849
hub/internal/ws/handlers_machine.go,hub,Backend/Core,prod,Go,1179
hub/run.cmd,hub,Tools/Scripts,prod,Batch,7
hub/scripts/build.ps1,hub,Tools/Scripts,prod,PowerShell,22
hub/scripts/package.ps1,hub,Tools/Scripts,prod,PowerShell,27
hub/start.sh,hub,Tools/Scripts,prod,Shell,50
hub/web/admin/admin-check.js,hub,Frontend,prod,JavaScript,64
hub/web/admin/hub-admin-check.js,hub,Frontend,prod,JavaScript,101
hub/web/admin/index.html,hub,Frontend,prod,HTML,470
hub/web/admin/index.inline.js,hub,Frontend,prod,JavaScript,203
hub/web/admin/js/actions.js,hub,Frontend,prod,JavaScript,25
hub/web/admin/js/core.js,hub,Frontend,prod,JavaScript,91
hub/web/admin/js/i18n.js,hub,Frontend,prod,JavaScript,79
hub/web/admin/js/im.js,hub,Frontend,prod,JavaScript,28
hub/web/admin/js/invitation.js,hub,Frontend,prod,JavaScript,15
hub/web/admin/js/pwa.js,hub,Frontend,prod,JavaScript,7
hub/web/admin/js/views.js,hub,Frontend,prod,JavaScript,20
hub/web/bind/index.html,hub,Frontend,prod,HTML,325
hubcenter/build.cmd,hubcenter,Tools/Scripts,prod,Batch,21
hubcenter/cmd/hubcenter/main.go,hubcenter,Backend/Core,prod,Go,85
hubcenter/configs/config.example.yaml,hubcenter,Backend/Core,prod,YAML,25
hubcenter/configs/config.yaml,hubcenter,Backend/Core,prod,YAML,25
hubcenter/internal/app/app.go,hubcenter,Backend/Core,prod,Go,21
hubcenter/internal/app/bootstrap.go,hubcenter,Backend/Core,prod,Go,117
hubcenter/internal/auth/admin_service.go,hubcenter,Backend/Core,prod,Go,375
hubcenter/internal/auth/admin_service_test.go,hubcenter,Backend/Core,test,Go,110
hubcenter/internal/config/config.go,hubcenter,Backend/Core,prod,Go,58
hubcenter/internal/config/loader.go,hubcenter,Backend/Core,prod,Go,20
hubcenter/internal/entry/service.go,hubcenter,Backend/Core,prod,Go,167
hubcenter/internal/entry/service_test.go,hubcenter,Backend/Core,test,Go,233
hubcenter/internal/httpapi/admin_handlers.go,hubcenter,Backend/Core,prod,Go,200
hubcenter/internal/httpapi/admin_middleware.go,hubcenter,Backend/Core,prod,Go,31
hubcenter/internal/httpapi/gossip_cache.go,hubcenter,Backend/Core,prod,Go,117
hubcenter/internal/httpapi/gossip_handler.go,hubcenter,Backend/Core,prod,Go,426
hubcenter/internal/httpapi/gossip_handler_test.go,hubcenter,Backend/Core,test,Go,323
hubcenter/internal/httpapi/gossip_ratelimit.go,hubcenter,Backend/Core,prod,Go,63
hubcenter/internal/httpapi/health_handler.go,hubcenter,Backend/Core,prod,Go,10
hubcenter/internal/httpapi/mail_handlers.go,hubcenter,Backend/Core,prod,Go,77
hubcenter/internal/httpapi/mail_handlers_test.go,hubcenter,Backend/Core,test,Go,52
hubcenter/internal/httpapi/management_handlers.go,hubcenter,Backend/Core,prod,Go,196
hubcenter/internal/httpapi/request_meta.go,hubcenter,Backend/Core,prod,Go,27
hubcenter/internal/httpapi/respond.go,hubcenter,Backend/Core,prod,Go,17
hubcenter/internal/httpapi/router.go,hubcenter,Backend/Core,prod,Go,206
hubcenter/internal/httpapi/router_test.go,hubcenter,Backend/Core,test,Go,597
hubcenter/internal/httpapi/skill_handlers.go,hubcenter,Backend/Core,prod,Go,209
hubcenter/internal/httpapi/skillmarket_handlers.go,hubcenter,Backend/Core,prod,Go,716
hubcenter/internal/httpapi/static.go,hubcenter,Backend/Core,prod,Go,64
hubcenter/internal/hubs/service.go,hubcenter,Backend/Core,prod,Go,554
hubcenter/internal/hubs/service_test.go,hubcenter,Backend/Core,test,Go,422
hubcenter/internal/mail/mailer.go,hubcenter,Backend/Core,prod,Go,308
hubcenter/internal/skill/store.go,hubcenter,Backend/Core,prod,Go,349
hubcenter/internal/skill/types.go,hubcenter,Backend/Core,prod,Go,67
hubcenter/internal/skillmarket/apikey_service.go,hubcenter,Backend/Core,prod,Go,228
hubcenter/internal/skillmarket/apikey_service_test.go,hubcenter,Backend/Core,test,Go,182
hubcenter/internal/skillmarket/auto_pricing_test.go,hubcenter,Backend/Core,test,Go,77
hubcenter/internal/skillmarket/credits_service.go,hubcenter,Backend/Core,prod,Go,196
hubcenter/internal/skillmarket/credits_service_test.go,hubcenter,Backend/Core,test,Go,146
hubcenter/internal/skillmarket/crypto.go,hubcenter,Backend/Core,prod,Go,135
hubcenter/internal/skillmarket/crypto_test.go,hubcenter,Backend/Core,test,Go,86
hubcenter/internal/skillmarket/integration_test.go,hubcenter,Backend/Core,test,Go,362
hubcenter/internal/skillmarket/leaderboard_service.go,hubcenter,Backend/Core,prod,Go,72
hubcenter/internal/skillmarket/leaderboard_service_test.go,hubcenter,Backend/Core,test,Go,109
hubcenter/internal/skillmarket/metadata.go,hubcenter,Backend/Core,prod,Go,86
hubcenter/internal/skillmarket/metadata_test.go,hubcenter,Backend/Core,test,Go,118
hubcenter/internal/skillmarket/notification_service.go,hubcenter,Backend/Core,prod,Go,123
hubcenter/internal/skillmarket/notification_service_test.go,hubcenter,Backend/Core,test,Go,119
hubcenter/internal/skillmarket/processor.go,hubcenter,Backend/Core,prod,Go,296
hubcenter/internal/skillmarket/processor_test.go,hubcenter,Backend/Core,test,Go,213
hubcenter/internal/skillmarket/rate_limiter.go,hubcenter,Backend/Core,prod,Go,47
hubcenter/internal/skillmarket/rate_limiter_test.go,hubcenter,Backend/Core,test,Go,91
hubcenter/internal/skillmarket/rating_service.go,hubcenter,Backend/Core,prod,Go,34
hubcenter/internal/skillmarket/rating_service_test.go,hubcenter,Backend/Core,test,Go,108
hubcenter/internal/skillmarket/refund_service.go,hubcenter,Backend/Core,prod,Go,141
hubcenter/internal/skillmarket/refund_service_test.go,hubcenter,Backend/Core,test,Go,128
hubcenter/internal/skillmarket/repository.go,hubcenter,Backend/Core,prod,Go,10
hubcenter/internal/skillmarket/search_service.go,hubcenter,Backend/Core,prod,Go,195
hubcenter/internal/skillmarket/search_service_test.go,hubcenter,Backend/Core,test,Go,92
hubcenter/internal/skillmarket/security_scanner.go,hubcenter,Backend/Core,prod,Go,148
hubcenter/internal/skillmarket/security_scanner_test.go,hubcenter,Backend/Core,test,Go,120
hubcenter/internal/skillmarket/store.go,hubcenter,Backend/Core,prod,Go,130
hubcenter/internal/skillmarket/store_config.go,hubcenter,Backend/Core,prod,Go,30
hubcenter/internal/skillmarket/store_credits.go,hubcenter,Backend/Core,prod,Go,43
hubcenter/internal/skillmarket/store_purchase.go,hubcenter,Backend/Core,prod,Go,125
hubcenter/internal/skillmarket/store_rating.go,hubcenter,Backend/Core,prod,Go,47
hubcenter/internal/skillmarket/store_submission.go,hubcenter,Backend/Core,prod,Go,105
hubcenter/internal/skillmarket/store_test.go,hubcenter,Backend/Core,test,Go,226
hubcenter/internal/skillmarket/store_tier.go,hubcenter,Backend/Core,prod,Go,37
hubcenter/internal/skillmarket/store_user.go,hubcenter,Backend/Core,prod,Go,103
hubcenter/internal/skillmarket/tier_service.go,hubcenter,Backend/Core,prod,Go,51
hubcenter/internal/skillmarket/tier_service_test.go,hubcenter,Backend/Core,test,Go,73
hubcenter/internal/skillmarket/trial_manager.go,hubcenter,Backend/Core,prod,Go,64
hubcenter/internal/skillmarket/types.go,hubcenter,Backend/Core,prod,Go,81
hubcenter/internal/skillmarket/user_service.go,hubcenter,Backend/Core,prod,Go,67
hubcenter/internal/skillmarket/validator.go,hubcenter,Backend/Core,prod,Go,196
hubcenter/internal/skillmarket/version_manager.go,hubcenter,Backend/Core,prod,Go,34
hubcenter/internal/skillmarket/version_manager_test.go,hubcenter,Backend/Core,test,Go,92
hubcenter/internal/store/sqlite/batcher.go,hubcenter,Backend/Core,prod,Go,190
hubcenter/internal/store/sqlite/gossip_rate_test.go,hubcenter,Backend/Core,test,Go,167
hubcenter/internal/store/sqlite/migrations.go,hubcenter,Backend/Core,prod,Go,173
hubcenter/internal/store/sqlite/provider.go,hubcenter,Backend/Core,prod,Go,102
hubcenter/internal/store/sqlite/repositories_stub.go,hubcenter,Backend/Core,prod,Go,851
hubcenter/internal/store/sqlite/repositories_test.go,hubcenter,Backend/Core,test,Go,203
hubcenter/internal/store/store.go,hubcenter,Backend/Core,prod,Go,157
hubcenter/run.cmd,hubcenter,Tools/Scripts,prod,Batch,7
hubcenter/scripts/build.ps1,hubcenter,Tools/Scripts,prod,PowerShell,22
hubcenter/scripts/package.ps1,hubcenter,Tools/Scripts,prod,PowerShell,24
hubcenter/start.sh,hubcenter,Tools/Scripts,prod,Shell,40
hubcenter/web/admin/hubcenter-admin-check.js,hubcenter,Frontend,prod,JavaScript,107
hubcenter/web/admin/index.html,hubcenter,Frontend,prod,HTML,362
hubcenter/web/gossip/index.html,hubcenter,Frontend,prod,HTML,280
hubcenter/web/skillhub/index.html,hubcenter,Frontend,prod,HTML,137
hubcenter/web/skillmarket/index.html,hubcenter,Frontend,prod,HTML,276
hubcenter/web/skillmarket/user/index.html,hubcenter,Frontend,prod,HTML,544
mobile/chat/analysis_options.yaml,mobile,Mobile,prod,YAML,6
mobile/chat/android/app/src/debug/AndroidManifest.xml,mobile,Mobile,prod,XML,3
mobile/chat/android/app/src/main/AndroidManifest.xml,mobile,Mobile,prod,XML,44
mobile/chat/android/app/src/main/kotlin/com/example/maclaw_chat/MainActivity.kt,mobile,Mobile,prod,Kotlin,3
mobile/chat/android/app/src/main/kotlin/com/maclaw/maclaw_chat/MainActivity.kt,mobile,Mobile,prod,Kotlin,3
mobile/chat/android/app/src/main/res/drawable-v21/launch_background.xml,mobile,Mobile,prod,XML,4
mobile/chat/android/app/src/main/res/drawable/launch_background.xml,mobile,Mobile,prod,XML,4
mobile/chat/android/app/src/main/res/values-night/styles.xml,mobile,Mobile,prod,XML,9
mobile/chat/android/app/src/main/res/values/styles.xml,mobile,Mobile,prod,XML,9
mobile/chat/android/app/src/profile/AndroidManifest.xml,mobile,Mobile,prod,XML,3
mobile/chat/build_android.cmd,mobile,Mobile,prod,Batch,91
mobile/chat/build_android.sh,mobile,Mobile,prod,Shell,82
mobile/chat/build_release.cmd,mobile,Mobile,prod,Batch,82
mobile/chat/build_release.sh,mobile,Mobile,prod,Shell,59
mobile/chat/pubspec.yaml,mobile,Mobile,prod,YAML,36
mobile/terminal/android/app/src/main/AndroidManifest.xml,mobile,Mobile,prod,XML,24
mobile/terminal/android/app/src/main/assets/bootstrap.html,mobile,Frontend,prod,HTML,252
mobile/terminal/android/app/src/main/java/tech/rapidai/hubshell/MainActivity.kt,mobile,Mobile,prod,Kotlin,150
mobile/terminal/android/app/src/main/res/drawable/ic_launcher_background.xml,mobile,Mobile,prod,XML,4
mobile/terminal/android/app/src/main/res/drawable/ic_launcher_foreground.xml,mobile,Mobile,prod,XML,10
mobile/terminal/android/app/src/main/res/mipmap-anydpi-v26/ic_launcher.xml,mobile,Mobile,prod,XML,5
mobile/terminal/android/app/src/main/res/mipmap-anydpi-v26/ic_launcher_round.xml,mobile,Mobile,prod,XML,5
mobile/terminal/android/app/src/main/res/values/colors.xml,mobile,Mobile,prod,XML,6
mobile/terminal/android/app/src/main/res/values/strings.xml,mobile,Mobile,prod,XML,4
mobile/terminal/android/app/src/main/res/values/themes.xml,mobile,Mobile,prod,XML,11
mobile/terminal/android/app/src/main/res/xml/network_security_config.xml,mobile,Mobile,prod,XML,4
mobile/terminal/android/build_android.cmd,mobile,Mobile,prod,Batch,46
mobile/terminal/android/build_android_aab.cmd,mobile,Mobile,prod,Batch,42
mobile/terminal/android/build_android_release.cmd,mobile,Mobile,prod,Batch,5
mobile/terminal/android/build_android_signed_aab.cmd,mobile,Mobile,prod,Batch,25
mobile/terminal/android/build_android_signed_release.cmd,mobile,Mobile,prod,Batch,40
mobile/terminal/android/create_android_keystore.cmd,mobile,Mobile,prod,Batch,32
mobile/terminal/android/gradlew.bat,mobile,Mobile,prod,Batch,52
mobile/terminal/android/signing.env.cmd,mobile,Mobile,prod,Batch,5
mobile/terminal/android/signing.example.cmd,mobile,Mobile,prod,Batch,5
mobile/terminal/ios/RapidAIHubShell/AppDelegate.swift,mobile,Mobile,prod,Swift,11
mobile/terminal/ios/RapidAIHubShell/Configuration.swift,mobile,Mobile,prod,Swift,5
mobile/terminal/ios/RapidAIHubShell/Resources/bootstrap.html,mobile,Frontend,prod,HTML,170
mobile/terminal/ios/RapidAIHubShell/SceneDelegate.swift,mobile,Mobile,prod,Swift,15
mobile/terminal/ios/RapidAIHubShell/ViewController.swift,mobile,Mobile,prod,Swift,60
mobile/terminal/ios/build_ios_simulator.sh,mobile,Mobile,prod,Shell,27
mobile/terminal/ios/build_ios_simulator_release.sh,mobile,Mobile,prod,Shell,27
mobile/terminal/shared/bootstrap.html,mobile,Frontend,prod,HTML,332
openclaw-bridge/src/channel-bridge.ts,openclaw-bridge,Tools/Scripts,prod,TypeScript,150
openclaw-bridge/src/hmac.ts,openclaw-bridge,Tools/Scripts,prod,TypeScript,23
openclaw-bridge/src/hub-client.ts,openclaw-bridge,Tools/Scripts,prod,TypeScript,45
openclaw-bridge/src/index.ts,openclaw-bridge,Tools/Scripts,prod,TypeScript,44
openclaw-bridge/src/outbound-server.ts,openclaw-bridge,Tools/Scripts,prod,TypeScript,65
openclaw-bridge/src/types.ts,openclaw-bridge,Tools/Scripts,prod,TypeScript,43
prompt_password.ps1,(root),Tools/Scripts,prod,PowerShell,17
tmp-weixin/weixin-plugin/index.ts,tmp-weixin,Backend/Core,prod,TypeScript,23
tmp-weixin/weixin-plugin/src/api/api.ts,tmp-weixin,Backend/Core,prod,TypeScript,198
tmp-weixin/weixin-plugin/src/api/config-cache.ts,tmp-weixin,Backend/Core,prod,TypeScript,66
tmp-weixin/weixin-plugin/src/api/session-guard.ts,tmp-weixin,Backend/Core,prod,TypeScript,41
tmp-weixin/weixin-plugin/src/api/types.ts,tmp-weixin,Backend/Core,prod,TypeScript,156
tmp-weixin/weixin-plugin/src/auth/accounts.ts,tmp-weixin,Backend/Core,prod,TypeScript,193
tmp-weixin/weixin-plugin/src/auth/login-qr.ts,tmp-weixin,Backend/Core,prod,TypeScript,286
tmp-weixin/weixin-plugin/src/auth/pairing.ts,tmp-weixin,Backend/Core,prod,TypeScript,78
tmp-weixin/weixin-plugin/src/cdn/aes-ecb.ts,tmp-weixin,Backend/Core,prod,TypeScript,12
tmp-weixin/weixin-plugin/src/cdn/cdn-upload.ts,tmp-weixin,Backend/Core,prod,TypeScript,66
tmp-weixin/weixin-plugin/src/cdn/cdn-url.ts,tmp-weixin,Backend/Core,prod,TypeScript,10
tmp-weixin/weixin-plugin/src/cdn/pic-decrypt.ts,tmp-weixin,Backend/Core,prod,TypeScript,60
tmp-weixin/weixin-plugin/src/cdn/upload.ts,tmp-weixin,Backend/Core,prod,TypeScript,125
tmp-weixin/weixin-plugin/src/channel.ts,tmp-weixin,Backend/Core,prod,TypeScript,344
tmp-weixin/weixin-plugin/src/config/config-schema.ts,tmp-weixin,Backend/Core,prod,TypeScript,13
tmp-weixin/weixin-plugin/src/log-upload.ts,tmp-weixin,Backend/Core,prod,TypeScript,100
tmp-weixin/weixin-plugin/src/media/media-download.ts,tmp-weixin,Backend/Core,prod,TypeScript,131
tmp-weixin/weixin-plugin/src/media/mime.ts,tmp-weixin,Backend/Core,prod,TypeScript,68
tmp-weixin/weixin-plugin/src/media/silk-transcode.ts,tmp-weixin,Backend/Core,prod,TypeScript,52
tmp-weixin/weixin-plugin/src/messaging/debug-mode.ts,tmp-weixin,Backend/Core,prod,TypeScript,44
tmp-weixin/weixin-plugin/src/messaging/error-notice.ts,tmp-weixin,Backend/Core,prod,TypeScript,25
tmp-weixin/weixin-plugin/src/messaging/inbound.ts,tmp-weixin,Backend/Core,prod,TypeScript,121
tmp-weixin/weixin-plugin/src/messaging/process-message.ts,tmp-weixin,Backend/Core,prod,TypeScript,426
tmp-weixin/weixin-plugin/src/messaging/send-media.ts,tmp-weixin,Backend/Core,prod,TypeScript,58
tmp-weixin/weixin-plugin/src/messaging/send.ts,tmp-weixin,Backend/Core,prod,TypeScript,211
tmp-weixin/weixin-plugin/src/messaging/slash-commands.ts,tmp-weixin,Backend/Core,prod,TypeScript,85
tmp-weixin/weixin-plugin/src/monitor/monitor.ts,tmp-weixin,Backend/Core,prod,TypeScript,193
tmp-weixin/weixin-plugin/src/runtime.ts,tmp-weixin,Backend/Core,prod,TypeScript,46
tmp-weixin/weixin-plugin/src/storage/state-dir.ts,tmp-weixin,Backend/Core,prod,TypeScript,9
tmp-weixin/weixin-plugin/src/storage/sync-buf.ts,tmp-weixin,Backend/Core,prod,TypeScript,51
tmp-weixin/weixin-plugin/src/util/logger.ts,tmp-weixin,Backend/Core,prod,TypeScript,113
tmp-weixin/weixin-plugin/src/util/random.ts,tmp-weixin,Backend/Core,prod,TypeScript,7
tmp-weixin/weixin-plugin/src/util/redact.ts,tmp-weixin,Backend/Core,prod,TypeScript,26
tui/agent_handler.go,tui,Backend/Core,prod,Go,647
tui/agent_tools.go,tui,Backend/Core,prod,Go,1178
tui/app.go,tui,Backend/Core,prod,Go,491
tui/commands/audit.go,tui,Backend/Core,prod,Go,80
tui/commands/clawnet.go,tui,Backend/Core,prod,Go,1214
tui/commands/config.go,tui,Backend/Core,prod,Go,219
tui/commands/file_config_store.go,tui,Backend/Core,prod,Go,46
tui/commands/gossip.go,tui,Backend/Core,prod,Go,330
tui/commands/hub_client.go,tui,Backend/Core,prod,Go,110
tui/commands/llm.go,tui,Backend/Core,prod,Go,420
tui/commands/loop.go,tui,Backend/Core,prod,Go,80
tui/commands/mcp.go,tui,Backend/Core,prod,Go,368
tui/commands/memory.go,tui,Backend/Core,prod,Go,311
tui/commands/nlskill.go,tui,Backend/Core,prod,Go,370
tui/commands/output.go,tui,Backend/Core,prod,Go,36
tui/commands/policy.go,tui,Backend/Core,prod,Go,46
tui/commands/remote.go,tui,Backend/Core,prod,Go,121
tui/commands/schedule.go,tui,Backend/Core,prod,Go,168
tui/commands/session.go,tui,Backend/Core,prod,Go,204
tui/commands/skill.go,tui,Backend/Core,prod,Go,381
tui/commands/skillhub.go,tui,Backend/Core,prod,Go,401
tui/commands/skillmarket.go,tui,Backend/Core,prod,Go,259
tui/commands/swarm.go,tui,Backend/Core,prod,Go,172
tui/commands/system.go,tui,Backend/Core,prod,Go,105
tui/commands/template.go,tui,Backend/Core,prod,Go,108
tui/commands/tool.go,tui,Backend/Core,prod,Go,101
tui/config_watcher.go,tui,Backend/Core,prod,Go,98
tui/event_bridge.go,tui,Backend/Core,prod,Go,41
tui/gossip_detector.go,tui,Backend/Core,prod,Go,219
tui/logger.go,tui,Backend/Core,prod,Go,48
tui/main.go,tui,Backend/Core,prod,Go,303
tui/qqbot_gateway.go,tui,Backend/Core,prod,Go,125
tui/session_manager.go,tui,Backend/Core,prod,Go,212
tui/session_pty_other.go,tui,Backend/Core,prod,Go,106
tui/session_pty_windows.go,tui,Backend/Core,prod,Go,186
tui/telegram_gateway.go,tui,Backend/Core,prod,Go,97
tui/tool_launch_env.go,tui,Backend/Core,prod,Go,344
tui/tool_launcher.go,tui,Backend/Core,prod,Go,185
tui/views/audit.go,tui,Backend/Core,prod,Go,168
tui/views/chat.go,tui,Backend/Core,prod,Go,241
tui/views/clawnet.go,tui,Backend/Core,prod,Go,198
tui/views/config.go,tui,Backend/Core,prod,Go,192
tui/views/help.go,tui,Backend/Core,prod,Go,102
tui/views/memory.go,tui,Backend/Core,prod,Go,88
tui/views/root.go,tui,Backend/Core,prod,Go,227
tui/views/schedule.go,tui,Backend/Core,prod,Go,99
tui/views/session_create.go,tui,Backend/Core,prod,Go,126
tui/views/session_detail.go,tui,Backend/Core,prod,Go,101
tui/views/session_list.go,tui,Backend/Core,prod,Go,121
tui/views/status_bar.go,tui,Backend/Core,prod,Go,46
tui/views/tool_status.go,tui,Backend/Core,prod,Go,79
